Fecha;Temperatura_Abrigo_150cm;Humedad_Media;Presion_Media;Radiacion_Global
2023-08-10 00:00:00.0;14.94722;94;1009.274;4.581779
2023-08-11 00:00:00.0;13.44306;59;1014.447;11.41086
2023-08-12 00:00:00.0;7.993055;51;1025.164;11.12124
2023-08-13 00:00:00.0;7.236112;58;1021.862;10.8777
2023-08-14 00:00:00.0;14.61539;48;1014.555;8.785381
2023-08-15 00:00:00.0;18.29722;56;1010.237;9.306958
2023-08-16 00:00:00.0;20.72569;85;1008.359;4.78644
2023-08-17 00:00:00.0;15.425;100;1008.04;0.28758
2023-08-18 00:00:00.0;13.82778;76;1010.568;7.926961
2023-08-19 00:00:00.0;9.207635;59;1008.014;7.97052
2023-08-20 00:00:00.0;8.998609;83;1008.552;7.04202
2023-08-21 00:00:00.0;10.54792;89;1002.956;7.341121
2023-08-22 00:00:00.0;14.91736;75;999.9223;11.1678
2023-08-23 00:00:00.0;10.57639;85;1007.226;3.08358
2023-08-24 00:00:00.0;11.57431;68;1014.482;7.694881
2023-08-25 00:00:00.0;10.20972;65;1019.832;12.50106
2023-08-26 00:00:00.0;8.003472;66;1024.879;13.82166
2023-08-27 00:00:00.0;7.856249;70;1027.192;13.87788
2023-08-28 00:00:00.0;10.02361;65;1023.153;13.30494
2023-08-29 00:00:00.0;12.82986;63;1020.982;12.20448
2023-08-30 00:00:00.0;14.42848;62;1013.395;13.59156
2023-08-31 00:00:00.0;13.15277;51;1017.835;13.02462
2023-09-01 00:00:00.0;16.12361;70;1009.93;12.14574
2023-09-02 00:00:00.0;14.7139;83;1011.133;3.6264
2023-09-03 00:00:00.0;9.169441;100;1012.338;0.6494399
2023-09-04 00:00:00.0;10.14236;85;1018.761;7.04838
2023-09-05 00:00:00.0;8.680554;74;1027.011;10.51908
2023-09-06 00:00:00.0;10.20139;73;1022.679;7.157161
2023-09-07 00:00:00.0;14.01597;97;1012.015;1.67538
2023-09-08 00:00:00.0;12.29167;82;1015.306;13.54104
2023-09-09 00:00:00.0;14.06806;73;1017.027;12.94854
2023-09-10 00:00:00.0;16.39445;80;1012.011;13.12404
2023-09-11 00:00:00.0;17.03333;87;1005.672;6.816121
2023-09-12 00:00:00.0;13.22014;57;1017.998;14.30346
2023-09-13 00:00:00.0;12.15555;67;1020.487;14.4861
2023-09-14 00:00:00.0;12.0375;67;1017.434;13.7226
2023-09-15 00:00:00.0;18.28889;53;1007.211;15.10938
2023-09-16 00:00:00.0;20.10346;56;1002.804;16.18854
2023-09-17 00:00:00.0;17.0125;66;1010.674;2.343361
2023-09-18 00:00:00.0;13.41528;65;1019.249;16.88208
2023-09-19 00:00:00.0;12.97361;82;1020.43;9.684959
2023-09-20 00:00:00.0;15.52847;94;1016.164;4.11618
2023-09-21 00:00:00.0;17.50556;96;1009.355;4.3068
2023-09-22 00:00:00.0;14.60208;88;1014.986;8.265479
2023-09-23 00:00:00.0;13.5375;94;1012.398;4.38252
2023-09-24 00:00:00.0;13.66459;79;1015.108;7.576919
2023-09-25 00:00:00.0;13.6632;70;1015.779;15.77682
2023-09-26 00:00:00.0;13.55278;80;1016.273;3.49698
2023-09-27 00:00:00.0;12.45278;74;1018.769;18.38226
2023-09-28 00:00:00.0;15.77014;69;1018.581;19.10304
2023-09-29 00:00:00.0;14.56736;74;1021.486;17.89056
2023-09-30 00:00:00.0;11.70903;74;1021.299;19.71084
2023-10-01 00:00:00.0;12.01528;67;1016.944;19.88448
2023-10-02 00:00:00.0;14.3257;77;1012.802;18.88555
2023-10-03 00:00:00.0;14.98681;82;1010.386;13.37976
2023-10-04 00:00:00.0;14.91667;76;1011.075;13.89294
2023-10-05 00:00:00.0;15.14306;53;1006.773;19.95263
2023-10-06 00:00:00.0;18.46042;46;1010.726;20.14446
2023-10-07 00:00:00.0;16.67639;57;1018.103;20.50302
2023-10-08 00:00:00.0;17.78542;54;1016.053;20.40846
2023-10-09 00:00:00.0;21.4868;46;1014.074;20.08674
2023-10-10 00:00:00.0;22.72015;60;1009.282;18.35802
2023-10-11 00:00:00.0;13.78681;67;1019.665;12.82848
2023-10-12 00:00:00.0;9.589584;71;1023.584;21.3735
2023-10-13 00:00:00.0;12.29028;69;1023.674;21.71322
2023-10-14 00:00:00.0;14.69722;64;1021.247;21.37644
2023-10-15 00:00:00.0;18.61111;71;1015.969;21.66636
2023-10-16 00:00:00.0;20.79306;76;1010.615;18.04956
2023-10-17 00:00:00.0;15.40903;59;1021.161;22.36626
2023-10-18 00:00:00.0;13.95694;64;1022.677;19.52298
2023-10-19 00:00:00.0;17.12847;72;1020.032;16.56756
2023-10-20 00:00:00.0;19.11528;74;1016.422;21.77479
2023-10-21 00:00:00.0;20.74306;79;1012.981;10.13256
2023-10-22 00:00:00.0;22.12361;86;1010.794;10.26384
2023-10-23 00:00:00.0;17.92361;99;1012.921;2.232719
2023-10-24 00:00:00.0;16.2375;83;1015.737;11.04624
2023-10-25 00:00:00.0;15.46806;69;1014.281;22.77384
2023-10-26 00:00:00.0;16.56666;68;1009.594;22.31532
2023-10-27 00:00:00.0;20.82361;57;1004.878;21.54966
2023-10-28 00:00:00.0;23.39236;62;1001.381;22.13527
2023-10-29 00:00:00.0;20.89166;81;1001.73;13.05696
2023-10-30 00:00:00.0;16.43611;74;1013.878;16.61388
2023-10-31 00:00:00.0;13.82986;76;1020.474;4.389721
2023-11-01 00:00:00.0;13.0993;71;1020.455;11.07852
2023-11-02 00:00:00.0;13.84444;96;1012.581;1.35486
2023-11-03 00:00:00.0;14.07362;93;1011.271;7.396499
2023-11-04 00:00:00.0;15.0;73;1014.396;23.60046
2023-11-05 00:00:00.0;18.23959;70;1014.468;23.39423
2023-11-06 00:00:00.0;20.46111;64;1014.247;25.33554
2023-11-07 00:00:00.0;23.95972;73;1006.888;20.16282
2023-11-08 00:00:00.0;22.02361;55;1012.196;23.05278
2023-11-09 00:00:00.0;19.63542;45;1015.24;25.32265
2023-11-10 00:00:00.0;17.56181;82;1006.658;3.957
2023-11-11 00:00:00.0;20.8375;84;1000.791;24.22146
2023-11-12 00:00:00.0;19.75001;68;1008.373;24.03876
2023-11-13 00:00:00.0;17.17986;59;1011.769;16.66073
2023-11-14 00:00:00.0;18.19027;62;1009.943;25.74408
2023-11-15 00:00:00.0;22.27987;77;1003.374;21.46104
2023-11-16 00:00:00.0;19.49583;62;1004.367;25.68636
2023-11-17 00:00:00.0;19.26736;73;998.7861;18.00156
2023-11-18 00:00:00.0;18.04583;58;1005.717;24.32658
2023-11-19 00:00:00.0;19.13819;51;1012.163;24.84474
2023-11-20 00:00:00.0;22.30903;55;1007.688;24.17802
2023-11-21 00:00:00.0;21.8382;69;1006.332;11.7627
2023-11-22 00:00:00.0;20.5868;59;1011.422;26.64492
2023-11-23 00:00:00.0;22.35625;54;1017.031;25.03722
2023-11-24 00:00:00.0;20.95278;56;1022.969;25.91713
2023-11-25 00:00:00.0;22.33264;58;1017.244;26.19936
2023-11-26 00:00:00.0;23.80209;62;1012.737;26.19036
2023-11-27 00:00:00.0;25.45486;58;1012.774;26.53716
2023-11-28 00:00:00.0;26.4;70;1009.338;23.42478
2023-11-29 00:00:00.0;23.49097;82;1009.094;7.60722
2023-11-30 00:00:00.0;23.73333;63;1009.255;24.79139
2023-12-01 00:00:00.0;23.64376;90;1003.6;5.738939
2023-12-02 00:00:00.0;23.20764;70;1007.717;25.90518
2023-12-03 00:00:00.0;17.22292;69;1017.503;4.07862
2023-12-04 00:00:00.0;16.5875;65;1021.637;19.25658
2023-12-05 00:00:00.0;19.33681;77;1015.162;15.43332
2023-12-06 00:00:00.0;20.56806;100;1008.169;4.96788
2023-12-07 00:00:00.0;20.21041;85;1013.37;16.46675
2023-12-08 00:00:00.0;19.81042;80;1018.649;20.60922
2023-12-09 00:00:00.0;20.93681;67;1015.915;20.30748
2023-12-10 00:00:00.0;22.65278;64;1014.243;25.24122
2023-12-11 00:00:00.0;24.47292;63;1010.858;27.30924
2023-12-12 00:00:00.0;26.96874;63;1008.716;25.68366
2023-12-13 00:00:00.0;27.18194;75;1005.567;18.03618
2023-12-14 00:00:00.0;25.30347;81;1005.815;20.11692
2023-12-15 00:00:00.0;26.76875;78;1006.746;16.95516
2023-12-16 00:00:00.0;27.84861;72;1005.173;14.79072
2023-12-17 00:00:00.0;22.73264;96;1006.804;3.19986
2023-12-18 00:00:00.0;18.88264;91;1013.868;2.2401
2023-12-19 00:00:00.0;16.57431;72;1018.961;21.95802
2023-12-20 00:00:00.0;19.9375;72;1015.526;23.25936
2023-12-21 00:00:00.0;23.26528;74;1012.943;23.03485
2023-12-22 00:00:00.0;23.42708;70;1011.316;24.7356
2023-12-23 00:00:00.0;25.93751;68;1009.962;23.95638
2023-12-24 00:00:00.0;23.88611;71;1009.918;11.49498
2023-12-25 00:00:00.0;22.04444;70;1012.7;25.26102
2023-12-26 00:00:00.0;20.45139;58;1016.903;27.96258
2023-12-27 00:00:00.0;22.21319;60;1010.803;27.51486
2023-12-28 00:00:00.0;25.775;70;1002.872;16.7862
2023-12-29 00:00:00.0;23.69306;59;1011.368;26.79342
2023-12-30 00:00:00.0;19.92777;55;1017.378;27.47917
2023-12-31 00:00:00.0;21.92639;55;1014.372;24.60528
2024-01-01 00:00:00.0;24.74097;59;1011.743;22.9905
2024-01-02 00:00:00.0;24.63819;70;1011.822;24.3306
2024-01-03 00:00:00.0;24.88194;70;1014.008;19.944
2024-01-04 00:00:00.0;25.36667;70;1014.201;21.61699
2024-01-05 00:00:00.0;26.47709;67;1011.284;23.2533
2024-01-06 00:00:00.0;26.35973;75;1007.455;10.2867
2024-01-07 00:00:00.0;24.31667;80;1006.626;16.09944
2024-01-08 00:00:00.0;24.08333;72;1007.748;27.26346
2024-01-09 00:00:00.0;26.18542;71;1009.056;22.41809
2024-01-10 00:00:00.0;25.91874;76;1009.09;23.33922
2024-01-11 00:00:00.0;22.95556;74;1014.595;23.56638
2024-01-12 00:00:00.0;21.22847;67;1015.333;26.94642
2024-01-13 00:00:00.0;24.94028;66;1010.297;24.0429
2024-01-14 00:00:00.0;25.30972;68;1008.205;23.39022
2024-01-15 00:00:00.0;24.71736;62;1008.933;26.94
2024-01-16 00:00:00.0;21.925;90;1010.168;4.843319
2024-01-17 00:00:00.0;23.33265;74;1014.011;26.0199
2024-01-18 00:00:00.0;25.68542;78;1009.906;18.68556
2024-01-19 00:00:00.0;24.74861;64;1011.906;26.96754
2024-01-20 00:00:00.0;22.88958;60;1014.796;27.37176
2024-01-21 00:00:00.0;22.58819;66;1018.216;26.54556
2024-01-22 00:00:00.0;24.0375;60;1020.737;26.72484
2024-01-23 00:00:00.0;24.15902;62;1018.525;26.95998
2024-01-24 00:00:00.0;24.87916;60;1016.183;26.9883
2024-01-25 00:00:00.0;24.77152;64;1016.396;25.6872
2024-01-26 00:00:00.0;25.46458;61;1017.762;26.69988
2024-01-27 00:00:00.0;25.75902;62;1015.771;25.96753
2024-01-28 00:00:00.0;25.29792;68;1013.849;25.98936
2024-01-29 00:00:00.0;26.62362;68;1012.331;19.30638
2024-01-30 00:00:00.0;28.62361;60;1010.858;23.68362
2024-01-31 00:00:00.0;28.65625;63;1011.443;21.96732
2024-02-01 00:00:00.0;30.38264;56;1014.151;22.2588
2024-02-02 00:00:00.0;31.36875;45;1013.22;25.77174
2024-02-03 00:00:00.0;30.54375;49;1010.455;20.49084
2024-02-04 00:00:00.0;23.24931;62;1015.201;22.16694
2024-02-05 00:00:00.0;26.00903;67;1012.808;21.9678
2024-02-06 00:00:00.0;28.70972;70;1012.442;13.93386
2024-02-07 00:00:00.0;29.43542;67;1009.557;13.57337
2024-02-08 00:00:00.0;28.42987;73;1009.145;11.36088
2024-02-09 00:00:00.0;25.63542;90;1010.007;6.437221
2024-02-10 00:00:00.0;26.56112;87;1008.389;12.27192
2024-02-11 00:00:00.0;27.34305;75;1009.303;23.11008
2024-02-12 00:00:00.0;24.26806;84;1009.414;5.506979
2024-02-13 00:00:00.0;18.47292;62;1020.706;24.63906
2024-02-14 00:00:00.0;20.14096;68;1019.658;21.91812
2024-02-15 00:00:00.0;23.21527;67;1016.56;19.55388
2024-02-16 00:00:00.0;23.88889;72;1014.367;18.85494
2024-02-17 00:00:00.0;25.80625;67;1013.151;21.1047
2024-02-18 00:00:00.0;25.84653;80;1012.595;10.7547
2024-02-19 00:00:00.0;24.9625;76;1011.071;21.43506
2024-02-20 00:00:00.0;25.67917;76;1009.678;18.69318
2024-02-21 00:00:00.0;26.7625;70;1008.773;20.61144
2024-02-22 00:00:00.0;27.44861;66;1006.109;19.06896
2024-02-23 00:00:00.0;24.4007;75;1011.977;11.2809
2024-02-24 00:00:00.0;23.5493;73;1020.754;19.8618
2024-02-25 00:00:00.0;22.47431;71;1021.197;14.7159
2024-02-26 00:00:00.0;22.95001;90;1013.945;6.3312
2024-02-27 00:00:00.0;24.74861;83;1010.234;16.779
2024-02-28 00:00:00.0;25.5375;76;1010.724;20.6667
2024-02-29 00:00:00.0;24.71736;82;1013.517;11.68656
2024-03-01 00:00:00.0;23.8507;83;1012.813;10.56306
2024-03-02 00:00:00.0;25.47847;83;1007.714;6.536101
2024-03-03 00:00:00.0;21.82361;45;1016.315;22.08708
2024-03-04 00:00:00.0;19.36527;62;1016.959;20.2923
2024-03-05 00:00:00.0;19.58403;60;1017.679;21.03036
2024-03-06 00:00:00.0;19.19306;70;1014.427;20.30652
2024-03-07 00:00:00.0;22.43264;61;1012.802;20.01517
2024-03-08 00:00:00.0;24.98542;69;1008.367;16.24458
2024-03-09 00:00:00.0;25.17431;75;1008.374;19.07922
2024-03-10 00:00:00.0;23.5125;66;1012.567;12.04392
2024-03-11 00:00:00.0;23.22015;87;1011.37;4.996081
2024-03-12 00:00:00.0;20.46876;92;1006.972;4.423981
2024-03-13 00:00:00.0;21.84514;100;1006.664;2.06892
2024-03-14 00:00:00.0;22.21041;98;1007.41;2.51136
2024-03-15 00:00:00.0;23.38195;87;1007.83;11.46354
2024-03-16 00:00:00.0;24.55555;89;1005.834;7.1517
2024-03-17 00:00:00.0;23.32291;78;1010.143;17.31701
2024-03-18 00:00:00.0;24.10903;87;1007.395;12.10326
2024-03-19 00:00:00.0;23.87292;89;1006.093;15.01338
2024-03-20 00:00:00.0;22.08818;96;999.6494;2.51052
2024-03-21 00:00:00.0;18.1375;68;1015.94;18.02418
2024-03-22 00:00:00.0;15.60833;76;1023.035;17.95709
2024-03-23 00:00:00.0;19.04514;76;1016.959;17.34252
2024-03-24 00:00:00.0;22.30139;81;1013.377;16.47684
2024-03-25 00:00:00.0;21.4493;75;1015.808;17.0232
2024-03-26 00:00:00.0;20.43542;81;1015.519;16.50102
2024-03-27 00:00:00.0;21.9118;77;1014.992;14.98308
2024-03-28 00:00:00.0;22.70347;77;1015.919;14.25666
2024-03-29 00:00:00.0;22.49445;80;1012.564;16.04244
2024-03-30 00:00:00.0;24.14167;77;1009.497;15.20916
2024-03-31 00:00:00.0;19.86736;71;1013.163;6.531361
2024-04-01 00:00:00.0;18.03819;76;1015.016;7.68042
2024-04-02 00:00:00.0;16.56736;78;1011.899;14.05368
2024-04-03 00:00:00.0;17.76667;95;1009.371;3.43476
2024-04-04 00:00:00.0;17.3875;82;1013.427;15.39348
2024-04-05 00:00:00.0;18.60695;78;1016.826;15.27456
2024-04-06 00:00:00.0;18.85694;77;1014.198;11.44308
2024-04-07 00:00:00.0;19.93195;80;1013.339;14.9982
2024-04-08 00:00:00.0;19.27569;89;1011.002;13.62234
2024-04-09 00:00:00.0;20.48611;84;1012.852;11.1576
2024-04-10 00:00:00.0;16.08611;65;1018.867;11.3127
2024-04-11 00:00:00.0;14.97639;69;1022.442;7.111742
2024-04-12 00:00:00.0;16.10069;84;1019.967;5.14212
2024-04-13 00:00:00.0;17.67014;98;1013.585;2.1153
2024-04-14 00:00:00.0;19.98541;100;1008.451;3.10836
2024-04-15 00:00:00.0;22.30416;98;1000.819;3.14898
2024-04-16 00:00:00.0;17.43333;97;1004.788;4.28208
2024-04-17 00:00:00.0;17.59306;68;1012.367;13.23852
2024-04-18 00:00:00.0;15.89375;78;1014.094;12.9063
2024-04-19 00:00:00.0;19.52709;78;1010.361;12.60816
2024-04-20 00:00:00.0;20.2125;82;1011.15;10.94334
2024-04-21 00:00:00.0;20.56111;89;1011.379;4.354739
2024-04-22 00:00:00.0;18.49446;97;1009.511;2.97066
2024-04-23 00:00:00.0;18.70972;81;1011.588;10.89354
2024-04-24 00:00:00.0;12.95416;73;1017.103;12.7617
2024-04-25 00:00:00.0;14.73264;94;1013.14;3.31368
2024-04-26 00:00:00.0;17.7493;100;1006.021;1.2897
2024-04-27 00:00:00.0;13.75833;80;1011.701;5.31198
2024-04-28 00:00:00.0;11.52431;75;1011.938;11.9892
2024-04-29 00:00:00.0;15.21528;86;1006.14;4.1949
2024-04-30 00:00:00.0;18.56667;97;1004.923;1.33002
2024-05-01 00:00:00.0;15.3757;66;1010.703;3.874861
2024-05-02 00:00:00.0;11.97291;76;1013.837;10.64634
2024-05-03 00:00:00.0;9.021529;81;1014.424;9.51552
2024-05-04 00:00:00.0;12.22014;93;1012.082;7.231799
2024-05-05 00:00:00.0;18.66875;98;1009.259;1.84878
2024-05-06 00:00:00.0;18.9986;98;1005.268;2.14584
2024-05-07 00:00:00.0;18.27222;99;1002.193;1.36428
2024-05-08 00:00:00.0;16.63403;78;1009.21;7.888921
2024-05-09 00:00:00.0;9.674998;75;1018.505;10.19364
2024-05-10 00:00:00.0;10.71389;85;1015.159;5.582699
2024-05-11 00:00:00.0;12.73125;84;1016.208;8.09178
2024-05-12 00:00:00.0;10.23403;97;1016.446;2.50092
2024-05-13 00:00:00.0;8.520834;83;1023.365;8.788561
2024-05-14 00:00:00.0;7.11875;87;1024.027;9.096898
2024-05-15 00:00:00.0;7.686807;81;1017.755;8.449622
2024-05-16 00:00:00.0;10.44306;81;1012.116;8.11182
2024-05-17 00:00:00.0;7.80903;94;1017.712;8.02914
2024-05-18 00:00:00.0;7.281943;86;1024.967;7.390261
2024-05-19 00:00:00.0;6.930556;88;1024.239;5.400539
2024-05-20 00:00:00.0;9.102777;80;1017.048;8.2035
2024-05-21 00:00:00.0;12.41181;94;1014.435;2.25756
2024-05-22 00:00:00.0;12.07986;97;1013.917;2.927579
2024-05-23 00:00:00.0;12.31389;84;1017.238;1.95654
2024-05-24 00:00:00.0;9.14653;72;1024.903;6.240001
2024-05-25 00:00:00.0;5.812501;84;1029.153;7.696321
2024-05-26 00:00:00.0;5.926388;82;1028.467;2.584621
2024-05-27 00:00:00.0;9.192363;85;1026.24;2.79342
2024-05-28 00:00:00.0;10.09236;96;1025.467;3.97614
2024-05-29 00:00:00.0;12.49028;90;1022.921;4.318319
2024-05-30 00:00:00.0;14.03889;88;1022.461;6.98256
2024-05-31 00:00:00.0;12.11528;91;1018.546;3.89118
2024-06-01 00:00:00.0;16.44375;86;1011.94;5.36406
2024-06-02 00:00:00.0;10.97639;83;1017.017;0.3679799
2024-06-03 00:00:00.0;6.714586;83;1028.197;7.50516
2024-06-04 00:00:00.0;9.467359;82;1023.72;5.12112
2024-06-05 00:00:00.0;13.26736;96;1016.111;2.58846
2024-06-06 00:00:00.0;15.63055;91;1014.816;6.0225
2024-06-07 00:00:00.0;16.80903;91;1016.261;4.354261
2024-06-08 00:00:00.0;19.65139;90;1010.957;3.89334
2024-06-09 00:00:00.0;21.99027;81;1003.864;5.851318
2024-06-10 00:00:00.0;15.18403;78;1014.613;7.507979
2024-06-11 00:00:00.0;13.70486;94;1013.778;4.4133
2024-06-12 00:00:00.0;17.35417;98;1006.92;2.73366
2024-06-13 00:00:00.0;24.0368;68;997.8049;4.03416
2024-06-14 00:00:00.0;18.99374;84;1005.332;1.87374
2024-06-15 00:00:00.0;13.68612;77;1017.267;7.35138
2024-06-16 00:00:00.0;12.83472;86;1018.307;1.55934
2024-06-17 00:00:00.0;11.45486;90;1011.979;6.98892
2024-06-18 00:00:00.0;15.72639;97;1006.045;1.1463
2024-06-19 00:00:00.0;14.27917;90;1012.282;6.323759
2024-06-20 00:00:00.0;10.8875;87;1016.617;6.429179
2024-06-21 00:00:00.0;15.50625;99;1007.085;0.32688
2024-06-22 00:00:00.0;16.77708;98;1006.217;2.12556
2024-06-23 00:00:00.0;12.41549;80;1013.478;6.088081
2024-06-24 00:00:00.0;7.114186;90;1023.059;3.9222
2024-06-25 00:00:00.0;6.809027;91;1025.646;1.79424
2024-06-26 00:00:00.0;8.463197;85;1016.094;4.789439
2024-06-27 00:00:00.0;11.98264;73;1005.219;5.131801
2024-06-28 00:00:00.0;9.972221;76;1014.73;5.79744
2024-06-29 00:00:00.0;5.139584;78;1022.635;6.2106
2024-06-30 00:00:00.0;5.283333;72;1018.041;5.898659
2024-07-01 00:00:00.0;10.81111;69;1015.88;5.90862
2024-07-02 00:00:00.0;10.30486;79;1012.508;5.97264
2024-07-03 00:00:00.0;8.257639;80;1015.983;5.94258
2024-07-04 00:00:00.0;5.253472;75;1018.774;6.20508
2024-07-05 00:00:00.0;2.965278;70;1025.356;6.592621
2024-07-06 00:00:00.0;2.611111;79;1027.271;4.23792
2024-07-07 00:00:00.0;6.313889;80;1028.948;5.721839
2024-07-08 00:00:00.0;3.008333;79;1029.804;6.566881
2024-07-09 00:00:00.0;1.10625;82;1028.504;6.45858
2024-07-10 00:00:00.0;1.707639;82;1022.47;6.324481
2024-07-11 00:00:00.0;2.777778;83;1026.221;6.13944
2024-07-12 00:00:00.0;4.304862;78;1033.26;6.400019
2024-07-13 00:00:00.0;4.704863;78;1032.169;6.24894
2024-07-14 00:00:00.0;4.368055;80;1030.434;6.515581
2024-07-15 00:00:00.0;7.947918;90;1029.975;3.4008
2024-07-16 00:00:00.0;11.30417;86;1026.432;6.111721
2024-07-17 00:00:00.0;11.86736;86;1022.132;6.470701
2024-07-18 00:00:00.0;12.58264;87;1017.904;6.767401
2024-07-19 00:00:00.0;11.23055;82;1026.878;3.9453
2024-07-20 00:00:00.0;9.144444;92;1024.388;1.22502
2024-07-21 00:00:00.0;12.1875;98;1019.775;2.32902
2024-07-22 00:00:00.0;11.95764;97;1020.907;2.61612
2024-07-23 00:00:00.0;11.68125;100;1017.582;1.6728
2024-07-24 00:00:00.0;15.83056;93;1013.53;1.96608
2024-07-25 00:00:00.0;13.29305;73;1016.225;7.826761
2024-07-26 00:00:00.0;11.8368;76;1018.239;7.89114
2024-07-27 00:00:00.0;10.86736;70;1019.599;8.12154
2024-07-28 00:00:00.0;8.351389;68;1026.424;5.768941
2024-07-29 00:00:00.0;5.560417;70;1031.544;8.444519
2024-07-30 00:00:00.0;6.663888;75;1024.42;8.12382
2024-07-31 00:00:00.0;12.99441;87;1014.651;4.13724
2024-08-01 00:00:00.0;19.64515;79;1006.858;3.363481
2024-08-02 00:00:00.0;26.57708;52;1000.148;6.61032
2024-08-03 00:00:00.0;17.8875;86;1009.256;5.02506
2024-08-04 00:00:00.0;11.55486;71;1019.483;5.90424
2024-08-05 00:00:00.0;12.85972;92;1014.817;2.49702
2024-08-06 00:00:00.0;16.48194;100;1008.52;0.53952
2024-08-07 00:00:00.0;11.22361;86;1011.647;8.398619
2024-08-08 00:00:00.0;7.420832;97;1013.303;2.35236
2024-08-09 00:00:00.0;7.035419;87;1022.645;10.03584
2024-08-10 00:00:00.0;8.131248;70;1016.037;9.591781
2024-08-11 00:00:00.0;12.26181;60;1018.17;9.503941
2024-08-12 00:00:00.0;7.703474;78;1025.319;10.08486
2024-08-13 00:00:00.0;10.33959;64;1019.837;10.25046
2024-08-14 00:00:00.0;12.78195;64;1015.991;9.144842
2024-08-15 00:00:00.0;13.20833;74;1015.307;9.08532
2024-08-16 00:00:00.0;10.12014;88;1019.438;4.75722
2024-08-17 00:00:00.0;11.88472;91;1018.505;5.66172
2024-08-18 00:00:00.0;12.79792;95;1015.807;2.4123
2024-08-19 00:00:00.0;12.33472;92;1020.711;2.0766
2024-08-20 00:00:00.0;8.968749;90;1022.234;2.16228
2024-08-21 00:00:00.0;11.71667;99;1010.015;2.0244
2024-08-22 00:00:00.0;9.24931;95;1014.249;3.1596
2024-08-23 00:00:00.0;7.821529;85;1021.13;10.03128
2024-08-24 00:00:00.0;7.280554;76;1026.826;7.97448
2024-08-25 00:00:00.0;6.809724;86;1030.212;9.05856
2024-08-26 00:00:00.0;6.907638;86;1027.036;12.4809
2024-08-27 00:00:00.0;10.30556;79;1025.971;12.23802
2024-08-28 00:00:00.0;11.67847;79;1023.367;12.08664
2024-08-29 00:00:00.0;13.30486;82;1023.852;11.16558
2024-08-30 00:00:00.0;11.72708;95;1023.74;0.3387
2024-08-31 00:00:00.0;10.80139;100;1015.619;1.18428
2024-09-01 00:00:00.0;11.44514;93;1018.403;5.661299
2024-09-02 00:00:00.0;12.32986;92;1011.012;11.03298
2024-09-03 00:00:00.0;14.47152;68;1014.606;13.81662
2024-09-04 00:00:00.0;13.025;63;1020.971;13.84662
2024-09-05 00:00:00.0;11.15139;64;1020.683;14.7087
2024-09-06 00:00:00.0;14.75555;71;1010.918;12.39066
2024-09-07 00:00:00.0;14.63194;65;1013.817;14.59428
2024-09-08 00:00:00.0;14.83889;63;1018.138;14.27328
2024-09-09 00:00:00.0;15.32361;90;1012.917;6.332339
2024-09-10 00:00:00.0;16.11111;94;1007.965;7.742581
2024-09-11 00:00:00.0;15.02291;81;1014.165;11.03136
2024-09-12 00:00:00.0;12.95625;76;1016.244;13.76358
2024-09-13 00:00:00.0;13.48889;76;1014.554;14.14494
2024-09-14 00:00:00.0;13.31597;63;1022.334;15.98004
2024-09-15 00:00:00.0;12.44792;64;1022.893;15.50514
2024-09-16 00:00:00.0;16.47986;60;1021.659;15.38988
2024-09-17 00:00:00.0;18.12014;63;1017.063;11.17086
2024-09-18 00:00:00.0;20.78681;68;1012.146;14.90592
2024-09-19 00:00:00.0;20.28264;84;1003.281;5.992499
2024-09-20 00:00:00.0;16.20139;66;1013.091;15.94854
2024-09-21 00:00:00.0;18.75555;67;1009.251;14.70126
2024-09-22 00:00:00.0;19.56667;88;1004.562;3.90486
2024-09-23 00:00:00.0;16.03403;64;1012.768;14.37756
2024-09-24 00:00:00.0;16.96389;57;1013.352;17.00898
2024-09-25 00:00:00.0;17.09583;83;1014.543;12.7989
2024-09-26 00:00:00.0;15.22639;66;1022.242;18.01206
2024-09-27 00:00:00.0;13.69028;80;1018.516;17.87832
2024-09-28 00:00:00.0;17.98611;75;1013.958;17.24346
2024-09-29 00:00:00.0;20.53403;75;1009.768;17.58114
2024-09-30 00:00:00.0;22.95347;79;1000.72;9.135057
2024-10-01 00:00:00.0;17.96945;69;1010.154;17.5686
2024-10-02 00:00:00.0;14.22431;60;1017.881;19.2969
2024-10-03 00:00:00.0;12.91597;63;1023.213;16.55526
2024-10-04 00:00:00.0;16.8;57;1020.055;19.10676
2024-10-05 00:00:00.0;19.21319;56;1017.72;19.36608
2024-10-06 00:00:00.0;18.68959;78;1017.538;16.54434
2024-10-07 00:00:00.0;18.84305;83;1013.117;7.520519
2024-10-08 00:00:00.0;17.19097;85;1018.25;14.8806
2024-10-09 00:00:00.0;16.45417;74;1022.293;17.56608
2024-10-10 00:00:00.0;18.37846;78;1013.674;16.75314
2024-10-11 00:00:00.0;19.96736;66;1008.153;19.38492
2024-10-12 00:00:00.0;18.20903;82;1016.357;13.82442
2024-10-13 00:00:00.0;16.87222;93;1021.828;4.078681
2024-10-14 00:00:00.0;17.61389;93;1019.586;6.266641
2024-10-15 00:00:00.0;20.325;80;1015.727;17.85696
2024-10-16 00:00:00.0;19.04792;78;1014.523;20.2488
2024-10-17 00:00:00.0;19.84792;81;1014.75;11.49054
2024-10-18 00:00:00.0;20.41736;70;1016.363;20.45508
2024-10-19 00:00:00.0;21.90278;70;1012.797;20.9736
2024-10-20 00:00:00.0;24.12361;65;1008.263;21.01201
2024-10-21 00:00:00.0;27.11736;70;1010.738;16.84938
2024-10-22 00:00:00.0;24.25972;65;1014.634;18.33354
2024-10-23 00:00:00.0;20.8;91;1005.839;2.9784
2024-10-24 00:00:00.0;17.79236;99;999.4025;1.3977
2024-10-25 00:00:00.0;14.82847;88;1006.768;12.76794
2024-10-26 00:00:00.0;15.00417;69;1015.816;22.15974
2024-10-27 00:00:00.0;18.98958;69;1017.368;21.83832
2024-10-28 00:00:00.0;21.41459;68;1015.308;22.40202
2024-10-29 00:00:00.0;23.51667;65;1015.387;22.43027
2024-10-30 00:00:00.0;24.60555;62;1014.166;22.79796
2024-10-31 00:00:00.0;24.34584;74;1010.335;22.64472
2024-11-01 00:00:00.0;25.15416;75;1005.055;19.33542
2024-11-02 00:00:00.0;22.4257;84;1010.382;7.081859
2024-11-03 00:00:00.0;19.46042;79;1014.669;23.12874
2024-11-04 00:00:00.0;19.47639;96;1011.462;1.8918
2024-11-05 00:00:00.0;18.45833;62;1018.26;24.29736
2024-11-06 00:00:00.0;21.31944;57;1014.067;23.84093
2024-11-07 00:00:00.0;20.27014;72;1016.669;18.31674
2024-11-08 00:00:00.0;19.32986;69;1015.902;22.83858
2024-11-09 00:00:00.0;22.125;66;1012.435;24.27792
2024-11-10 00:00:00.0;22.80764;70;1008.859;20.13042
2024-11-11 00:00:00.0;17.43889;66;1011.574;19.8723
2024-11-12 00:00:00.0;17.0007;64;1012.103;23.05788
2024-11-13 00:00:00.0;19.64513;59;1011.368;24.6714
2024-11-14 00:00:00.0;22.6493;57;1011.986;24.67608
2024-11-15 00:00:00.0;25.16598;55;1008.783;24.66096
2024-11-16 00:00:00.0;27.49723;58;1008.331;22.2348
2024-11-17 00:00:00.0;18.3007;93;1013.718;2.517001
2024-11-18 00:00:00.0;18.01389;74;1017.934;24.76404
2024-11-19 00:00:00.0;18.56875;70;1017.196;17.47272
2024-11-20 00:00:00.0;22.11597;64;1017.556;25.68576
2024-11-21 00:00:00.0;22.25694;64;1018.951;22.8594
2024-11-22 00:00:00.0;22.65347;69;1017.647;24.02076
2024-11-23 00:00:00.0;23.45972;69;1014.675;23.7945
